ID;Item_Description;Box Label Mask;Type
1;AAK KIT;;CASE-AAK
2;ACB ANTENNA KIT;;CASE
3;AMATEUR HF RADIO;;RAD-AM
4;ANALOG CONFERENCE PHONE;;MISC
5;ANALOG FAX MACHINE;;MISC
6;ANALOG TELEPHONE ADAPTER;;VoIP-ATA
7;ANTA KIT;;CASE
8;ANTENNA ANALYZER KIT;;CASE-AAK
9;ANTENNA CONTROL UNIT;;ANT-PARTS
10;ANTENNA MOUNTS;;ANT-PARTS
11;ANTENNA ROTATOR CONTROLLER;;ANT-PARTS
12;ANTENNA, KRECO CO-35A;;ANTENNA
13;ANTL KIT;;CASE-ANTL
14;ARK KIT;;CASE-ARK
15;AT&T HOT SPOT 5 PACK;;CASE-ATH5
16;AT&T HOT SPOT 5PACK;;CASE-ATH5
17;AT&T HOTSPOT 5 PACK;;CASE-ATH5
18;AT&T HOTSPOT 5PACK;;CASE-ATH5
19;AT&T WIFI HOT SPOT KIT 5 PACK;;CASE-ATH5
20;AT&T WIFI HOT SPOT KIT 5PACK;;CASE-ATH5
21;AT&T WIFI HOTSPOT KIT 5 PACK;;CASE-ATH5
22;AT&T WIFI HOTSPOT KIT 5PACK;;CASE-ATH5
23;ATT;;CELL-A
24;ATT CLASSIC PHONE KIT;;CASE-ATC
25;ATT ERP KIT;;CASE-ATERP
26;ATT ISLAND HOT SPOT;;CASE-ATH2
27;ATT KIT;;CASE-ATT
28;ATT SMART PHONE KIT;;CASE-ATT
29;ATT WIFI HOT SPOT KIT 5 PACK;;CASE-ATH5
30;ATT WIFI HOT SPOT KIT 5PACK;;CASE-ATH5
31;ATT WIFI HOTSPOT KIT;;CASE-ATHS
32;ATT WIFI HOTSPOT KIT 5 PACK;;CASE-ATH5
33;ATT WIFI HOTSPOT KIT 5PACK;;CASE-ATH5
34;AUB ANTENNA KIT;;CASE-AUB
35;BASE STATION CONSOLE;;MISC-RCM
36;BASE TRANSCEIVER;LB-RBK-###;RAD-LBM
37;BASE TRANSCEIVER;LB-RBK-###;RADIO
38;BASE TRANSCEIVER;LBM-####;RAD-LBM
39;BASE TRANSCEIVER;FBL-####;RAD-FBL
40;BASE TRANSCEIVER;ARK-####;RAD-AM
41;BASE TRANSCEIVER;;RADIO
42;BASE TRANSCEIVER AMATEUR;;RAD-AM
43;BASE TRANSCEIVER LB;;RAD-FBL
44;BDA KIT;;CASE-BDA
45;BDG KIT;;CASE-BDG
46;BEAM ANTENNA;CBN-####;ANTENNA
47;BEAM ANTENNA;AUB-####;ANT-AUB
48;BECKY KIT A;;CASE-VSAT
49;BECKY KIT B;;CASE-VSAT
50;BECKY KIT C;;CASE-VSAT
51;BGAN KIT;;CASE-BGAN
52;BHH KIT;BHHB-####;CASE-BHHB
53;BHH KIT;BHHA-####;CASE-BHHA
54;BIRDOG;BDG-####;TESTEQ
55;BLACKBERRY;;MISC
56;BLACKBERRY RAW20IN;;MISC
57;BLUECELL KIT;;CASE
58;BROTHER LABEL MAKER;;CASE-LBL
59;BUBBLE JET PRINTER;;MISC
60;CABLE ANALYZER;;TESTEQ
61;CARDBOARD BOX;;CASE-BOX
62;CBA ANTENNA;;ANTENNA
63;CBA KIT;;CASE
64;CBJ 4PK;;CASE
65;CBL KIT;;CASE-CBL
66;CBN KIT;;CASE
67;CBR;;CASE
68;CD-ROM DRIVE;;MISC
69;CELL PHONE;VZNC-####;CELL-V
70;CELL PHONE;VZN-####;CELL-VS
71;CELL PHONE;VERP-####;CELL-V
72;CELL PHONE;ATTC-####;CELL-A
73;CELL PHONE;ATT-####;CELL-AS
74;CELL PHONE;AERP-####;CELL-A
75;CELL PHONE;;CELL-O
76;CELL PHONE BDA;;CASE-BDA
77;CELL PHONE, CLASSIC;VZNC-####;CELL-V
78;CELL PHONE, CLASSIC;VERP-####;CELL-V
79;CELL PHONE, CLASSIC;ATTC-####;CELL-A
80;CELL PHONE, CLASSIC;AERP-####;CELL-A
81;CELL PHONE, CLASSIC;;CELL-O
82;CELL PHONE, SMART;VZN7-####;CELL-VS
83;CELL PHONE, SMART;VZN-####;CELL-VS
84;CELL PHONE, SMART;ATT7-####;CELL-AS
85;CELL PHONE, SMART;ATT-####;CELL-AS
86;CELL PHONE, SMART;;CELL-O
87;CELLPHONE;;CELL-O
88;CELLULAR AMPLIFIER;;RADIO
89;CELLULAR AMPLIFIER (BDA) KIT;;CASE-BDA
90;CIN KIT;;CELL-O
91;CISCO 1800 KIT;;CASE
92;CNE KIT;;CASE-DRCN
93;COMM COAX KIT;;CASE-RCK
94;COMMUNICATIONS COAX KIT;;CASE-RCK
95;CONFERENCE IP PHONE;;VoIP-SP
96;CONNECTIVITY BOX;;CASE-BLU
97;CP SIM CARD;;SIM
98;CRADLEPOINT KIT;;CASE-CPK
99;CRADLEPOINT ROUTER;;RTR-CELL
100;CROSSBAND REPEATER;;RAD-RPT
101;DELL E54 6 PK;;CASE-LE54
102;DELL E54 6PK;;CASE-LE54
103;DELL E547 6 PK;;CASE-LE547
104;DELL E547 6PK;;CASE-LE547
105;DELL E548 6 PK;;CASE-LE548
106;DELL E548 6PK;;CASE-LE548
107;DELL E84 6PK;;CASE-LE84
108;DELL MULTIFUNCTION PRINTER KIT;;CASE-GALT
109;DEPLOYED SERVER;;SERV
110;DEPLOYED UPS;;SERV
111;DESK JET PRINTER;;MISC
112;DIGITAL ANTENNA AC POWER SUPPLY;;MISC-RCM
113;DIGITAL ANTENNA DC POWER SUPPLY;;MISC-RCM
114;DIGITAL INDOOR ANTENNA;;ANTENNA
115;DIRECT TV RECEIVER;;MISC
116;DOCKING STATION;;MISC-RCO
117;DOME ANTENNA;MSAT-####;ANTENNA
118;DRCN CABLE REEL;;VSAT
119;DRCN CABLE REEL KIT;;CASE-DRCN
120;DRCN REFLECTOR BOTTOM;;VSAT
121;DRCN REFLECTOR TOP;;VSAT
122;DRO SERVER;;CASE-DROS
123;DRO SERVER KIT;;CASE-DROS
124;DROS KIT;;CASE-DROS
125;DSS ELEVATION BRACKET;;MISC
126;DSS LNB;;MISC
127;DSS PARTS;;MISC
128;DSS REFLECTOR;;MISC
129;DST KIT;;CASE-DST
130;DTT KIT;;CASE
131;DTV TRIPOD KIT;;CASE
132;E54 1PK;;CASE-DROS
133;E54 6 PK;;CASE-LE54
134;E54 6PK;;CASE-LE54
135;E547 6 PK;;CASE-LE547
136;E547 6PK;;CASE-LE547
137;E548 6 PK;;CASE-LE548
138;E548 6PK;;CASE-LE548
139;E84 6 PK;;CASE-LE84
140;E84 6PK;;CASE-LE84
141;ECRV ACU-1000;;MISC-RCM
142;ECRV AMPLIFIER;;MISC-RCM
143;ECRV CB TRANSCEIVER;;MISC-RCM
144;ECRV TDL 6PK;;CASE
145;ECRV TRANSCEIVER;;MISC-RCM
146;EMPTY CASE;;CASE
147;ERV LOWBAND HANDHELD;;RAD-LHH
148;ERV TRANSCEIVER;;MISC-RCM
149;ETHERNET REMOTE PANEL;;MISC-RNT
150;EXT EXTENSION CORD KIT;;CASE-EXT
151;EXTENSION CORD KIT;;CASE-EXT
152;EXTERNAL HARD DRIVE;;MISC-RCO
153;FAU KIT;;CASE
154;FBL KIT;;CASE-FBL
155;FEED BOOM ASSEMBLY;;VSAT
156;FEED BOOM STRUT;;VSAT
157;FIP KIT;;CASE
158;FIREWALL;;MISC-RNT
159;FIXED ACCESS UNIT;;MISC
160;FTK KIT;;CASE-TLK
161;G2;;SAT-MSAT
162;G2 HANDSET;;SAT-MSAT
163;GANG CHARGER KIT;;CASE
164;GCK KIT;;CASE
165;GIGASTACK GBIC MODULE;;MISC-RNT
166;GPS KIT;;CASE-GPS
167;GPS NAVIGATION SYSTEM;;GPS
168;GPS UNIT;;GPS
169;GS5 KIT;;CASE
170;GSK KIT;;CASE
171;GSP KIT;;CASE
172;GTU KIT;;CASE-GTU
173;HANDHELD TRANSCEIVER;UHH-####;RAD-UHH
174;HANDHELD TRANSCEIVER;SWR-####;RAD-LHH
175;HANDHELD TRANSCEIVER;RAK-####;RAD-LHH
176;HANDHELD TRANSCEIVER;LHH-####;RAD-LHH
177;HANDHELD TRANSCEIVER;ECRV UHH-###;RAD-UHH
178;HANDHELD TRANSCEIVER;BHHA-####;RAD-BHH
179;HANDHELD TRANSCEIVER;;RADIO
180;HANDHELD TRANSCEIVER BB;;RAD-BHH
181;HANDHELD TRANSCEIVER LB;;RAD-LHH
182;HANDHELD TRANSCEIVER UHF;;RAD-UHH
183;HF BASE TRANSCEIVER;;RAD-HF
184;HF RADIO KIT;;CASE
185;HP E84 6 PK;;CASE-LE84
186;HP E84 6PK;;CASE-LE84
187;HPL KIT;;CASE
188;IDL 1PK;;CASE
189;INDOOR ANTENNA;CBN-####;ANTENNA
190;INKJET PRINTER;;MISC
191;INMARSAT KIT;;CASE
192;IP FAX;FIP-####;CASE-FIP
193;IP PHN KIT;;CASE-IPP
194;IP PHONE;;VoIP-PHN
195;IP PHONE EXPANSIONS;;VoIP-PHN
196;IP PHONE, CONFERENCE;;VoIP-SP
197;IPICS SERVER;;MISC-RCM
198;IRI KIT;IR3-####;CASE-IR3
199;IRI KIT;;CASE-IRI
200;IRIDIUM TRANSPORTABLE KIT;;CASE-IRI
201;ISP KIT;;CASE-ISP
202;ITRONIX SINGLE PK;;CASE
203;KEYBOARD 9 PK;;CASE-KB9
204;KEYBOARD 9PK;;CASE-KB9
205;KEYBOARD MONITOR;;SERV
206;KPL KIT;;CASE-POKI
207;KVM SWITCH;;MISC
208;LAPTOP COMPUTER;VSAT-###F;LT
209;LAPTOP COMPUTER;VSAT-####F;LT
210;LAPTOP COMPUTER;SCK-##;SERV
211;LAPTOP COMPUTER;RPK-####;LT
212;LAPTOP COMPUTER;LT45-####;LT-T450
213;LAPTOP COMPUTER;LE84-####;LT-E8400
214;LAPTOP COMPUTER;LE548-####;LT-E5480
215;LAPTOP COMPUTER;LE547-####;LT-E5470
216;LAPTOP COMPUTER;LE54-####;LT-E5400
217;LAPTOP COMPUTER;DROS-####;SERV
218;LAPTOP COMPUTER;DROS-##;SERV
219;LAPTOP COMPUTER;DRCN-####F;SERV
220;LAPTOP COMPUTER;DRCN-####E;SERV
221;LAPTOP COMPUTER;;LT
222;LAPTOP SERVER;;SERV
223;LASER JET PRINTER;POKI-####;PRN-OKI
224;LASER JET PRINTER;;MISC
225;LBM KIT;;CASE-LBM
226;LDL 1PK;;CASE
227;LDL 2PK;;CASE
228;LDL 3PK;;CASE
229;LDL 4PK;;CASE
230;LDL 6 PK;;CASE
231;LENOVO 6 PK;;CASE-LT45
232;LENOVO 6PK;;CASE-LT45
233;LHH HANDHELD;RAK-####;RAD-LHH
234;LHH KIT;;CASE-LHH
235;LT45 1PK;;CASE
236;MCBL KIT;;CASE-MCBL
237;MDST KIT;;CASE-MDST
238;MIFI ROUTER;;RTR-CELL
239;MOBILE ACCESS CARD;;MISC-RNT
240;MOBILE DATA TERMINATOR;;MISC
241;MOBILE HOT SPOT;VHS5-####;HS-V
242;MOBILE HOT SPOT;VHS-####;HS-V
243;MOBILE HOT SPOT;CPK-####;WBC-V
244;MOBILE HOT SPOT;AHS5-####;HS-A
245;MOBILE HOT SPOT;AHS-####;HS-A
246;MOBILE SATELLITE RADIO KIT (G2);;CASE-MSAT
247;MOBILE TRANSCEIVER;UHM-####;RAD-UHM
248;MOBILE TRANSCEIVER;LBM-####;RAD-LBM
249;MOBILE TRANSCEIVER;;RADIO
250;MOBILE TRANSCEIVER LB;;RAD-LBM
251;MOBILE TRANSCEIVER UHF;;RAD-UHM
252;MODEM;;VSAT
253;MODEM/ROUTER, VIASAT;;VSAT
254;MONITOR;;MISC
255;MONITOR/KEYBOARD;;MISC
256;MOTOROLA BATTERY CHARGER;;MISC-RCM
257;MSAT KIT;;CASE-MSAT
258;MULTIFUNCTION PRINTER;;PRN-MF
259;NFOP KIT;;CASE-NFO
260;NFOT KIT;;CASE-NFO
261;NS6 KIT;;CASE-NS
262;NS6 SWITCH KIT;;CASE-NS
263;NTK KIT;;CASE
264;NXDL 7PK;;CASE
265;PA SYSTEM;;MISC
266;PEDESTAL ASSEMBLY;;CASE-DRCN
267;PEP KIT;;CASE-WNKP
268;PHONECELL-VERIZON;;CELL-V
269;PIX KIT;;CASE
270;POW KIT;;CASE
271;POWER STRIP 30 PK;;CASE-PSK
272;POWER STRIP 30PK;;CASE-PSK
273;POWER STRIP MULTI PK KIT;;CASE-PSM
274;POWER SUPPLY;;PWR
275;POWER SUPPLY, 12VDC, 15AMP;;PWR
276;POWER SUPPLY, 12VDC, 20AMP;;PWR
277;POWER SUPPLY, 12VDC, 4AMP;;PWR
278;POWER SUPPLY, 12VDC,15AMP;;PWR
279;POWER SUPPLY, 12VDC,20AMP;;PWR
280;PRINTER, LASERJET KIT;;CASE-POKI
281;PRINTER, MULTIFUNCTION KIT;;CASE-GALT
282;PROGRAMMING KIT;;CASE-RPK
283;PROJECTOR;;PROJ
284;PROJECTOR KIT;;CASE-PROJ
285;PS4 KIT;;CASE
286;PS8 KIT;;CASE
287;PSK POWER STRIP 30 PK;;CASE-PSK
288;PSK POWER STRIP 30PK;;CASE-PSK
289;PSM POWER STRIP MULTI PK KIT;;CASE-PSM
290;PSP KIT;;CASE
291;PUBLIC WIRELESS KIT;;CASE-WNPK
292;RADIO ANALYZER KIT;;CASE-SWR
293;RADIO BATTERY CHARGER;;MISC-RCM
294;RADIO CHARGER POWER SUPPLY;;RADIO
295;RADIO COAX KIT;;CASE-RCK
296;RAK KIT;;CASE-RAK
297;RAPIDSAT HANDSFREE SAT PHONE;;SAT-IR
298;RBK KIT;;CASE-RBK
299;RECEIVER;;RADIO
300;RECHARGEABLE FLASHLIGHT;;MISC
301;REPEATER AMPLIFIER;;RAD-RPT
302;ROUTER;SCK-##;RTR
303;ROUTER;;RTR
304;ROUTER, UNIFI;;RTR
305;RPK KIT;;CASE-RPK
306;RTK KIT;;CASE-RTK
307;RTT KIT;;CASE-DST
308;SAMSUNG GALAXY TAB KIT;;CASE-GALT
309;SATELLITE CONTROL UNIT;;VSAT
310;SATELLITE PHONE;IR3-####;SAT-IR
311;SATELLITE PHONE;BGAN-####;BGAN
312;SATELLITE PHONE;;SAT-IR
313;SATELLITE ROUTER;;VSAT
314;SCANNER;;MISC-RCO
315;SELF REGISTRATION GUN;;BAR
316;SELF REGISTRATION GUN KIT;;CASE-SK
317;SERVER;;SERV
318;SERVER CASE;;CASE-BLU
319;SERVER CONNECTIVITY KIT;;CASE-SCK
320;SERVER RACK;;SERV
321;SHIPPING TOOLS KIT;;CASE
322;SIM CARD;;SIM
323;SMARTUNER;;MISC-RCM
324;SOUND STATION;;MISC
325;STORAGE KIT;;CASE-COFFIN
326;STROBE POWER SUPPLY;;MISC
327;SWITCH;VSAT-###E;SW-24
328;SWITCH;USK-####;SW-24
329;SWITCH;UPS-##;SW-24
330;SWITCH;SVR-##;SW-24
331;SWITCH;SCK-##;SW-24
332;SWITCH;NS6-####;SW-24
333;SWITCH;DRCN-####E;SW-24
334;SWITCH;;SW
335;SWITCH, UBIQUITI;;SW-24
336;SWR  METER;;TESTEQ
337;SWR ANALYZER;;TESTEQ
338;SWR KIT;;CASE-SWR
339;SWR POWER METER;;TESTEQ
340;TABLET;GALT-####;TABLET
341;TAPE BACK UP RACK;;MISC
342;TAPE DRIVE;;MISC
343;TDL 10PK;;CASE
344;TDL 4PK;;CASE
345;TIK KIT;;CASE
346;TLK KIT;;CASE-TLK
347;TNC;;MISC
348;TO GO KIT;;CASE
349;TONE AND PROBE KIT;;CASE-TLK
350;TRACKER;;TRACKER
351;TRANSMITTER;;RADIO
352;TTY KIT;;CASE
353;TURNBUCKLE ASSEMBLY;;VSAT
354;UH HANDHELD BASE;;RAD-UHH
355;UH KIT;;CASE-UHH
356;UHF BASE STATION;;CASE-UHB
357;UHF BASESTATION;;CASE-UHB
358;UHH KIT;;CASE-UHH
359;UHH KIT W GANG CHARGER;;CASE-UHH
360;UHH KIT WITH GANG CHARGER;;CASE-UHH
361;UHH KT W GANG CHARGER;;CASE-UHH
362;UHM KIT;;CASE-UHM
363;UNIFI SWITCH KIT;;CASE-NS
364;UNIVERSAL DIAGNOSTIC TOOLKIT;;CASE
365;UPS;;UPS
366;UPS CASE;;CASE-BLU
367;USB 4 PK;MDST-####;USB
368;USB 4 PK;DST-####;USB
369;USB 4 PK;;CASE-USB
370;USB 4PK;MDST-####;USB
371;USB 4PK;DST-####;USB
372;USB 4PK;;CASE-USB
373;USB 6 PK;MDST-####;USB
374;USB 6 PK;DST-####;USB
375;USB 6 PK;;CASE-USB
376;USB 6PK;MDST-####;USB
377;USB 6PK;DST-####;USB
378;USB 6PK;;CASE-USB
379;USB BATTERY (KIT OF 6);;MISC
380;VERIZON CLASSIC PHONE KIT;;CASE-VZNC
381;VERIZON ERP KIT;;CASE-VZERP
382;VERIZON HOT SPOT 5 PACK;;CASE-VZH5
383;VERIZON HOT SPOT 5PACK;;CASE-VZH5
384;VERIZON HOTSPOT 5 PACK;;CASE-VZH5
385;VERIZON HOTSPOT 5PACK;;CASE-VZH5
386;VERIZON SMARTPHONE KIT;;CASE-VZN
387;VERIZON WIFI HOT SPOT 5 PACK;;CASE-VZH5
388;VERIZON WIFI HOT SPOT 5PACK;;CASE-VZH5
389;VERIZON WIFI HOT SPOT KIT;;CASE-VZHS
390;VERIZON WIFI HOTSPOT 5 PACK;;CASE-VZH5
391;VERIZON WIFI HOTSPOT 5PACK;;CASE-VZH5
392;VERIZON WIFI HOTSPOT KIT;;CASE-VZHS
393;VIASAT RG6 CABLE KIT;;CASE-RG6
394;VIASAT SURFBEAM 2 VSAT;;CASE-VIASAT
395;VIDEO CONFERENCE CAMERA;;MISC
396;VIGS KIT;;CASE
397;VSAT A KIT;;CASE-VSAT
398;VSAT A KIT, 300;;CASE-VSAT
399;VSAT A KIT, 400;;CASE-VSAT
400;VSAT B KIT;;CASE-VSAT
401;VSAT B KIT, 300;;CASE-VSAT
402;VSAT B KIT, 400;;CASE-VSAT
403;VSAT BASE;;VSAT
404;VSAT C KIT;;CASE-VSAT
405;VSAT C KIT, 300;;CASE-VSAT
406;VSAT C KIT, 400;;CASE-VSAT
407;VSAT CABLE REEL;;VSAT
408;VSAT CROSSARM;;VSAT
409;VSAT D KIT;;CASE-VSAT
410;VSAT D KIT, 300;;CASE-VSAT
411;VSAT D KIT, 400;;CASE-VSAT
412;VSAT DRCN FLY AND DRIVE BASE;;VSAT
413;VSAT DRCN FLY AND DRIVE CASE;;CASE-DRCN
414;VSAT DRCN KIT;;CASE-DRCN
415;VSAT DRCN REFLECTOR CASE;;CASE-DRCN
416;VSAT E KIT;;CASE-VSAT
417;VSAT E KIT, 300;;CASE-VSAT
418;VSAT E KIT, 400;;CASE-VSAT
419;VSAT ELEVATION GUIDE;;VSAT
420;VSAT EMPTY CASE;;CASE-VSAT
421;VSAT F KIT;;CASE-VSAT
422;VSAT F KIT, 300;;CASE-VSAT
423;VSAT F KIT, 400;;CASE-VSAT
424;VSAT FEEDHORN;;VSAT
425;VSAT FEET;;VSAT
426;VSAT GPS;;VSAT
427;VSAT INCLINOMETER;;VSAT
428;VSAT LEG;;VSAT
429;VSAT LEG ASSEMBLY;;VSAT
430;VSAT LNB;;VSAT
431;VSAT MAST;;VSAT
432;VSAT REFLECTOR;;VSAT
433;VSAT REFLECTOR BOTTOM;;VSAT
434;VSAT REFLECTOR TOP;;VSAT
435;VSAT SATELLITE ROUTER;;VSAT
436;VSAT SUPPORT ARM;;VSAT
437;VSAT SUPPORT RODS;;VSAT
438;VSAT TEST / REPAIR KIT;;CASE-VSAT
439;VZN KIT;;CASE-VZN
440;WEB CAM KIT;;CASE-WEBCAM
441;WEBOOST AMPLFIER;;RAD-RPT
442;WEBOOST ANTENNA EXTERIOR;;ANTENNA
443;WEBOOST ANTENNA INTERIOR;;ANTENNA
444;WIP KIT;;CASE-WIP
445;WIRED PRINT SERVER;;MISC-RNT
446;WIRELESS ACCESS CARD;VWC-####;WBC-V
447;WIRELESS ACCESS CARD;AWC-####;WBC-A
448;WIRELESS ACCESS CARD;;MISC-RNT
449;WIRELESS ACCESS CARD ATT;;WBC-A
450;WIRELESS ACCESS CARD VZN;;WBC-V
451;WIRELESS ACCESS POINT;;WAP
452;WIRELESS IP PHONE;;VoIP-W
453;WIRELESS LAN CONTROLLER;;MISC-RNT
454;WIRELESS NETWORK KIT;;CASE-WNK
455;WIRELESS NETWORK KIT RUCKUS;;CASE-WNKR
456;WIRELESS NETWORK KIT UBIQUITI;;CASE-WNK
457;WIRELESS PRINT SERVER;;WPS
458;WMD VEST;;VEST
459;WMD VEST KIT;;CASE-WMD
460;WXR KIT;;CASE-WXR
461;XICOM AMPLIFIER CASE;;CASE-XMC
462;XM BOOMBOX;;RAD-XM
463;XM RECEIVER;;RAD-XM
464;XMC KIT;;CASE-XMC
465;XMP KIT;;CASE-XMC
